"chytrid_gene","cyano_gene","spearman_r","n_nonzero_chy","n_nonzero_cyano","min_nonzero","suspicious","locus_tag","protein","product"
"CHS2_RHIOL","77286457",1,7,7,7,FALSE,"NMG88_RS01600","iron uptake porin","iron uptake porin"
"MOGT1_HUMAN","77287329",-1,7,7,7,FALSE,"NMG88_RS05960","GDP-L-fucose synthase family protein","GDP-L-fucose synthase"
"CBPC1_HUMAN","77287505",-1,7,7,7,FALSE,"NMG88_RS06840","tRNA epoxyqueuosine(34) reductase QueG","tRNA epoxyqueuosine(34) reductase QueG"
"AB6C_ARATH","77287590",-1,7,6,6,FALSE,"NMG88_RS07265","radical SAM protein","radical SAM protein"
"TRNL_SCHPO","77288560",1,7,7,7,FALSE,"NMG88_RS12115","anthranilate synthase component I","anthranilate synthase component I"
"PHOP1_MOUSE","77288600",1,7,6,6,FALSE,"NMG88_RS12315","cytochrome f","cytochrome f"
"NPAL2_HUMAN","77288617",1,7,6,6,FALSE,"NMG88_RS12400","hypothetical protein","hypothetical protein"
"NPAL2_HUMAN","77288783",1,7,6,6,FALSE,"NMG88_RS13230","hypothetical protein","hypothetical protein"
"NPAL2_HUMAN","77289457",1,7,6,6,FALSE,"NMG88_RS16600","M16 family metallopeptidase","pitrilysin family protein"
"AB6C_ARATH","77289907",-1,7,6,6,FALSE,"NMG88_RS18850","PmeII family type II restriction endonuclease","PmeII family type II restriction endonuclease"
"PHOP1_MOUSE","77286289",0.991031208965115,7,5,5,FALSE,"NMG88_RS00760","HD family phosphohydrolase","HDIG domain-containing metalloprotein"
"PAQR1_HUMAN","77286577",0.991031208965115,7,5,5,FALSE,"NMG88_RS02200","ABC transporter permease","ABC transporter permease"
"NPAL2_HUMAN","77286617",0.991031208965115,7,5,5,FALSE,"NMG88_RS02400","RNA methyltransferase","RNA methyltransferase"
"CAMKI_MACNP","77286813",0.991031208965115,7,5,5,FALSE,"NMG88_RS03380","histidine phosphatase family protein","histidine phosphatase family protein"
"ARF_CRYNB","77286830",0.991031208965115,7,7,7,FALSE,"NMG88_RS03465","class I SAM-dependent DNA methyltransferase","DNA methyltransferase"
"NPAL2_HUMAN","77286869",0.991031208965115,7,5,5,FALSE,"NMG88_RS03660","M48 family metallopeptidase","M48 family metallopeptidase"
"PHOP1_MOUSE","77287193",0.991031208965115,7,5,5,FALSE,"NMG88_RS05280","SPFH domain-containing protein","SPFH domain-containing protein"
"ACA1_SCHPO","77287195",-0.991031208965115,7,5,5,FALSE,"NMG88_RS05290","CGLD27 family protein","CGLD27 family protein"
"PHOP1_MOUSE","77287411",0.991031208965115,7,5,5,FALSE,"NMG88_RS06370","ShlB/FhaC/HecB family hemolysin secretion/activation protein","ShlB/FhaC/HecB family hemolysin secretion/activation protein"
"MOGT1_HUMAN","77287532",-0.991031208965115,7,5,5,FALSE,"NMG88_RS06975","glycosyltransferase family 4 protein","MraY family glycosyltransferase"
"PHOP1_MOUSE","77288727",0.991031208965115,7,5,5,FALSE,"NMG88_RS12950","lysophospholipid acyltransferase family protein","lysophospholipid acyltransferase family protein"
"CAMKI_MACNP","77288778",0.991031208965115,7,5,5,FALSE,"NMG88_RS13205","orotidine-5'-phosphate decarboxylase","orotidine-5'-phosphate decarboxylase"
"MOGT1_HUMAN","77289032",-0.991031208965115,7,5,5,FALSE,"NMG88_RS14475","pseudouridine synthase","pseudouridine synthase"
"AB6C_ARATH","77289073",0.991031208965115,7,5,5,FALSE,"NMG88_RS14680","FKBP-type peptidyl-prolyl cis-trans isomerase","FKBP-type peptidyl-prolyl cis-trans isomerase"
"MOGT1_HUMAN","77289434",-0.991031208965115,7,5,5,FALSE,"NMG88_RS16485","30S ribosomal protein S6--L-glutamate ligase","30S ribosomal protein S6--L-glutamate ligase"
"ATC2_CRYNH","77289530",-0.991031208965115,7,5,5,FALSE,"NMG88_RS16965","bifunctional orotidine-5'-phosphate decarboxylase/orotate phosphoribosyltransferase","bifunctional orotidine-5'-phosphate decarboxylase/orotate phosphoribosyltransferase"
"MOGT1_HUMAN","77289531",0.991031208965115,7,5,5,FALSE,"NMG88_RS16970","response regulator transcription factor","response regulator"
"CAMKI_MACNP","90530534",0.991031208965115,7,5,5,FALSE,"NMG88_RS22595","rubrerythrin family protein","rubredoxin"
"ARF_CRYNB","77288975",-0.981818181818182,7,5,5,FALSE,"NMG88_RS14190","Uma2 family endonuclease","Uma2 family endonuclease"
"ARF_CRYNB","77286460",0.972344869608796,7,4,4,FALSE,"NMG88_RS01615","creatininase family protein","creatininase family protein"
"MOGT1_HUMAN","77286147",-0.964285714285714,7,6,6,FALSE,"NMG88_RS00050","malate dehydrogenase","malate dehydrogenase"
"AB6C_ARATH","77286302",-0.964285714285714,7,6,6,FALSE,"NMG88_RS00825","peptide-methionine (S)-S-oxide reductase MsrA","peptide-methionine (S)-S-oxide reductase MsrA"
"BIP_ASPAW","77286360",0.964285714285714,7,6,6,FALSE,"NMG88_RS01115","2,3-bisphosphoglycerate-independent phosphoglycerate mutase","2,3-bisphosphoglycerate-independent phosphoglycerate mutase"
"ACA1_SCHPO","77286398",0.964285714285714,7,6,6,FALSE,"NMG88_RS01305","tetratricopeptide repeat protein","tetratricopeptide repeat protein"
"ATC2_CRYNH","77286398",0.964285714285714,7,6,6,FALSE,"NMG88_RS01305","tetratricopeptide repeat protein","tetratricopeptide repeat protein"
"ACA1_SCHPO","77286402",0.964285714285714,7,7,7,FALSE,"NMG88_RS01325","RdgB/HAM1 family non-canonical purine NTP pyrophosphatase","RdgB/HAM1 family non-canonical purine NTP pyrophosphatase"
"ACA1_SCHPO","77286422",0.964285714285714,7,7,7,FALSE,"NMG88_RS01425","ABC transporter ATP-binding protein","ABC transporter ATP-binding protein"
"CDK3_HUMAN","77286457",-0.964285714285714,7,7,7,FALSE,"NMG88_RS01600","iron uptake porin","iron uptake porin"
"Y3184_DICDI","77286457",0.964285714285714,7,7,7,FALSE,"NMG88_RS01600","iron uptake porin","iron uptake porin"
"MOGT1_HUMAN","77286479",-0.964285714285714,7,7,7,FALSE,"NMG88_RS01710","serine/threonine-protein kinase","serine/threonine-protein kinase"
"SIK3_HUMAN","77286615",0.964285714285714,7,6,6,FALSE,"NMG88_RS02390","isoaspartyl peptidase/L-asparaginase","isoaspartyl peptidase/L-asparaginase"
"NPAL2_HUMAN","77286630",-0.964285714285714,7,6,6,FALSE,"NMG88_RS02465","peptidylprolyl isomerase","peptidylprolyl isomerase"
"PHOP1_MOUSE","77286630",-0.964285714285714,7,6,6,FALSE,"NMG88_RS02465","peptidylprolyl isomerase","peptidylprolyl isomerase"
"MOGT1_HUMAN","77286868",-0.964285714285714,7,7,7,FALSE,"NMG88_RS03655","cation:proton antiporter","cation:proton antiporter"
"NU4M_USTMA","77287033",-0.964285714285714,7,7,7,FALSE,"NMG88_RS04480","Yip1 family protein","peptidase"
"BIP_ASPAW","77287082",0.964285714285714,7,6,6,FALSE,"NMG88_RS04725","ribonuclease III","ribonuclease III"
"NPAL2_HUMAN","77287152",0.964285714285714,7,6,6,FALSE,"NMG88_RS05075","tRNA uridine-5-carboxymethylaminomethyl(34) synthesis GTPase MnmE","tRNA uridine-5-carboxymethylaminomethyl(34) synthesis GTPase MnmE"
"NPAL2_HUMAN","77287245",-0.964285714285714,7,6,6,FALSE,"NMG88_RS05540","class I SAM-dependent methyltransferase","class I SAM-dependent methyltransferase"
"CAMKI_MACNP","77287439",0.964285714285714,7,6,6,FALSE,"NMG88_RS06510","hypothetical protein","hypothetical protein"
"BIP_ASPAW","77287441",-0.964285714285714,7,6,6,FALSE,"NMG88_RS06520","hypothetical protein","hypothetical protein"
"AMYA_DROMA","77287442",0.964285714285714,7,6,6,FALSE,"NMG88_RS06525","phosphoglucosamine mutase","phosphoglucosamine mutase"
"BIP_ASPAW","77287462",-0.964285714285714,7,6,6,FALSE,"NMG88_RS06625","carbon dioxide-concentrating mechanism protein CcmK","carbon dioxide-concentrating mechanism protein CcmK"
"AB6C_ARATH","77287648",-0.964285714285714,7,6,6,FALSE,"NMG88_RS07555","metal ABC transporter permease","metal ABC transporter permease"
"NPAL2_HUMAN","77287717",0.964285714285714,7,6,6,FALSE,"NMG88_RS07900","dolichyl-phosphate-mannose--protein mannosyltransferase","phospholipid carrier-dependent glycosyltransferase"
"PPCE_MOUSE","77287999",0.964285714285714,7,6,6,FALSE,"NMG88_RS09310","urea ABC transporter substrate-binding protein","urea ABC transporter substrate-binding protein"
"CAMKI_MACNP","77288026",0.964285714285714,7,6,6,FALSE,"NMG88_RS09445","glutamine-hydrolyzing carbamoyl-phosphate synthase small subunit","glutamine-hydrolyzing carbamoyl-phosphate synthase small subunit"
"BIP_ASPAW","77288094",0.964285714285714,7,6,6,FALSE,"NMG88_RS09785","Uma2 family endonuclease","Uma2 family endonuclease"
"DBP4_CRYNJ","77288117",-0.964285714285714,7,7,7,FALSE,"NMG88_RS09900","hypothetical protein","hypothetical protein"
"CAMKI_MACNP","77288146",0.964285714285714,7,6,6,FALSE,"NMG88_RS10045","circadian clock protein KaiC","circadian clock protein KaiC"
"ABCB6_HUMAN","77288176",0.964285714285714,7,6,6,FALSE,"NMG88_RS10195","DUF1257 domain-containing protein","DUF1257 domain-containing protein"
"AB6C_ARATH","77288259",-0.964285714285714,7,6,6,FALSE,"NMG88_RS10610","ferrochelatase","ferrochelatase"
"BIP_ASPAW","77288488",-0.964285714285714,7,6,6,FALSE,"NMG88_RS11755","polyprenyl synthetase family protein","polyprenyl synthetase family protein"
"AMYA_DROMA","77288528",0.964285714285714,7,6,6,FALSE,"NMG88_RS11955","cation:proton antiporter","sodium:proton antiporter"
"PAQR1_HUMAN","77288899",0.964285714285714,7,6,6,FALSE,"NMG88_RS13810","aminotransferase class I/II-fold pyridoxal phosphate-dependent enzyme","aminotransferase class I/II-fold pyridoxal phosphate-dependent enzyme"
"CBPC1_HUMAN","77288921",0.964285714285714,7,6,6,FALSE,"NMG88_RS13920","acetyl-CoA carboxylase biotin carboxylase subunit","acetyl-CoA carboxylase biotin carboxylase subunit"
"CAMKI_MACNP","77288926",0.964285714285714,7,7,7,FALSE,"NMG88_RS13945","transglycosylase domain-containing protein","penicillin-binding protein 1A"
"PHOP1_MOUSE","77288944",0.964285714285714,7,7,7,FALSE,"NMG88_RS14035","methyl-accepting chemotaxis protein","methyl-accepting chemotaxis protein"
"NPAL2_HUMAN","77289003",0.964285714285714,7,6,6,FALSE,"NMG88_RS14330","ATP-dependent Clp endopeptidase proteolytic subunit ClpP","ATP-dependent Clp endopeptidase proteolytic subunit ClpP"
"BIP_ASPAW","77289081",0.964285714285714,7,6,6,FALSE,"NMG88_RS14720","type I glutamate--ammonia ligase","type I glutamate--ammonia ligase"
"TRNL_SCHPO","77289092",-0.964285714285714,7,6,6,FALSE,"NMG88_RS14775","CIA30 family protein","CIA30 family protein"
"AB6C_ARATH","77289135",-0.964285714285714,7,6,6,FALSE,"NMG88_RS14990","B12-binding domain-containing radical SAM protein","B12-binding domain-containing radical SAM protein"
"TRNL_SCHPO","77289185",-0.964285714285714,7,7,7,FALSE,"NMG88_RS15240","DUF1565 domain-containing protein","DUF1565 domain-containing protein"
"BIP_ASPAW","77289203",0.964285714285714,7,6,6,FALSE,"NMG88_RS15330","UDP-N-acetylglucosamine 1-carboxyvinyltransferase","UDP-N-acetylglucosamine 1-carboxyvinyltransferase"
"AB6C_ARATH","77289210",-0.964285714285714,7,6,6,FALSE,"NMG88_RS15365","bifunctional heptose 7-phosphate kinase/heptose 1-phosphate adenyltransferase","PfkB family carbohydrate kinase"
"CAMKI_MACNP","77289281",0.964285714285714,7,7,7,FALSE,"NMG88_RS15720","hypothetical protein","hypothetical protein"
"PPCE_MOUSE","77289303",-0.964285714285714,7,6,6,FALSE,"NMG88_RS15830","aminotransferase class V-fold PLP-dependent enzyme","aminotransferase class V-fold PLP-dependent enzyme"
"NPAL2_HUMAN","77289348",0.964285714285714,7,6,6,FALSE,"NMG88_RS16055","precorrin-6Y C5,15-methyltransferase subunit CbiT","precorrin-6Y C5,15-methyltransferase subunit CbiT"
"PHOP1_MOUSE","77289348",0.964285714285714,7,6,6,FALSE,"NMG88_RS16055","precorrin-6Y C5,15-methyltransferase subunit CbiT","precorrin-6Y C5,15-methyltransferase subunit CbiT"
"BIP_ASPAW","77289406",-0.964285714285714,7,7,7,FALSE,"NMG88_RS16345","BolA family protein","BolA family transcriptional regulator"
"AB6C_ARATH","77289436",-0.964285714285714,7,6,6,FALSE,"NMG88_RS16495","RIP metalloprotease RseP","RIP metalloprotease RseP"
"CAMKI_MACNP","77289490",-0.964285714285714,7,6,6,FALSE,"NMG88_RS16765","nitrate ABC transporter ATP-binding protein","nitrate ABC transporter ATP-binding protein"
"FEN1_NEMVE","77289563",0.964285714285714,7,7,7,FALSE,"NMG88_RS17130","NADH-quinone oxidoreductase subunit J","NADH-quinone oxidoreductase subunit J"
"BIP_ASPAW","77289620",0.964285714285714,7,6,6,FALSE,"NMG88_RS17415","amino acid ABC transporter permease","amino acid ABC transporter permease"
"ATC2_CRYNH","77289652",0.964285714285714,7,7,7,FALSE,"NMG88_RS17575","global nitrogen regulator NtcA","global nitrogen regulator NtcA"
"AL1A3_HUMAN","77289690",-0.964285714285714,7,7,7,FALSE,"NMG88_RS17765","Asp-tRNA(Asn)/Glu-tRNA(Gln) amidotransferase subunit GatB","Asp-tRNA(Asn)/Glu-tRNA(Gln) amidotransferase subunit GatB"
"BIP_ASPAW","77289693",0.964285714285714,7,6,6,FALSE,"NMG88_RS17780","ketol-acid reductoisomerase","ketol-acid reductoisomerase"
"DBP4_CRYNJ","77289887",0.964285714285714,7,7,7,FALSE,"NMG88_RS18750","succinate dehydrogenase/fumarate reductase flavoprotein subunit","succinate dehydrogenase/fumarate reductase flavoprotein subunit"
"CAMKI_MACNP","77289925",-0.964285714285714,7,6,6,FALSE,"NMG88_RS18940","class I SAM-dependent methyltransferase","class I SAM-dependent methyltransferase"
"NPAL2_HUMAN","77290047",0.964285714285714,7,6,6,FALSE,"NMG88_RS19550","RNA recognition motif domain-containing protein","RNA-binding protein RbpA"
"PHOP1_MOUSE","77290047",0.964285714285714,7,6,6,FALSE,"NMG88_RS19550","RNA recognition motif domain-containing protein","RNA-binding protein RbpA"
"NPAL2_HUMAN","77290099",-0.964285714285714,7,7,7,FALSE,"NMG88_RS19810","plasmid replication protein, CyRepA1 family","plasmid replication protein, CyRepA1 family"
"AB6C_ARATH","77290103",-0.964285714285714,7,6,6,FALSE,"NMG88_RS19830","flavin monoamine oxidase family protein","flavin monoamine oxidase family protein"
"NPAL2_HUMAN","77290129",0.964285714285714,7,6,6,FALSE,"NMG88_RS19960","amino acid adenylation domain-containing protein","amino acid adenylation domain-containing protein"
"PHOP1_MOUSE","77290129",0.964285714285714,7,6,6,FALSE,"NMG88_RS19960","amino acid adenylation domain-containing protein","amino acid adenylation domain-containing protein"
"AMYA_DROMA","77290264",-0.964285714285714,7,6,6,FALSE,"NMG88_RS20635","NAD(P)/FAD-dependent oxidoreductase","NAD(P)/FAD-dependent oxidoreductase"
"NPAL2_HUMAN","77290450",0.964285714285714,7,6,6,FALSE,"NMG88_RS21565","translation elongation factor 4","translation elongation factor 4"
"BIP_ASPAW","77290453",0.964285714285714,7,6,6,FALSE,"NMG88_RS21580","UDP-glucose dehydrogenase family protein","UDP-glucose/GDP-mannose dehydrogenase family protein"
"PPCE_MOUSE","77290538",0.964285714285714,7,7,7,FALSE,"NMG88_RS22005","hypothetical protein","hypothetical protein"
"PPCE_MOUSE","77290607",0.964285714285714,7,7,7,FALSE,"NMG88_RS22350","AAA family ATPase",NA
"BIP_ASPAW","90530529",0.964285714285714,7,6,6,FALSE,"NMG88_RS22570","SUMF1/EgtB/PvdO family nonheme iron enzyme","SUMF1/EgtB/PvdO family nonheme iron enzyme"
"MOGT1_HUMAN","77286356",-0.963624111659431,7,4,4,FALSE,"NMG88_RS01095","NACHT domain-containing protein","NACHT domain-containing protein"
"ACA1_SCHPO","77286480",-0.963624111659431,7,4,4,FALSE,"NMG88_RS01715","peptidoglycan-binding domain-containing protein","peptidoglycan-binding protein"
"PHOP1_MOUSE","77286850",0.963624111659431,7,4,4,FALSE,"NMG88_RS03565","tetratricopeptide repeat protein","tetratricopeptide repeat protein"
"CAMKI_MACNP","77288027",0.963624111659431,7,4,4,FALSE,"NMG88_RS09450","STAS domain-containing protein","STAS domain-containing protein"
"ATC2_CRYNH","77288179",-0.963624111659431,7,4,4,FALSE,"NMG88_RS10210","Uma2 family endonuclease","Uma2 family endonuclease"
"CAMKI_MACNP","77288226",0.963624111659431,7,4,4,FALSE,"NMG88_RS10445","phage tail protein","phage tail protein"
"NPAL2_HUMAN","77288228",0.963624111659431,7,4,4,FALSE,"NMG88_RS10455","phage tail protein","phage tail protein"
"ATC2_CRYNH","77288346",-0.963624111659431,7,4,4,FALSE,"NMG88_RS11045","hypothetical protein","hypothetical protein"
"BIP_ASPAW","77288494",0.963624111659431,7,4,4,FALSE,"NMG88_RS11785","TIGR02652 family protein","TIGR02652 family protein"
"CAMKI_MACNP","77288495",0.963624111659431,7,4,4,FALSE,"NMG88_RS11790","VOC family protein","VOC family protein"
"PAQR1_HUMAN","77288551",0.963624111659431,7,4,4,FALSE,"NMG88_RS12070","oxidoreductase","oxidoreductase"
"ATC2_CRYNH","77288820",-0.963624111659431,7,4,4,FALSE,"NMG88_RS13415","MogA/MoaB family molybdenum cofactor biosynthesis protein","MogA/MoaB family molybdenum cofactor biosynthesis protein"
"PHOP1_MOUSE","77288996",-0.963624111659431,7,4,4,FALSE,"NMG88_RS14295","DUF2288 domain-containing protein","DUF2288 domain-containing protein"
"PPCE_MOUSE","77289261",0.963624111659431,7,4,4,FALSE,"NMG88_RS15620","transaldolase family protein","transaldolase family protein"
"CAMKI_MACNP","77289291",0.963624111659431,7,4,4,FALSE,"NMG88_RS15770","phage tail protein","phage tail protein"
"CAMKI_MACNP","77290366",0.963624111659431,7,4,4,FALSE,"NMG88_RS21145","serine/threonine protein kinase","serine/threonine-protein kinase"
"PAQR1_HUMAN","77290459",0.963624111659431,7,4,4,FALSE,"NMG88_RS21610","CRISPR-associated protein Cas4","CRISPR-associated protein Cas4"
"PAQR1_HUMAN","77286152",0.954993710457292,7,5,5,FALSE,"NMG88_RS00075","CHAT domain-containing protein","tetratricopeptide repeat protein"
"PAQR1_HUMAN","77286190",0.954993710457292,7,5,5,FALSE,"NMG88_RS00265","inorganic phosphate transporter","inorganic phosphate transporter"
"ATC2_CRYNH","77286283",-0.954993710457292,7,5,5,FALSE,"NMG88_RS00730","16S rRNA (adenine(1518)-N(6)/adenine(1519)-N(6))-dimethyltransferase RsmA","16S rRNA (adenine(1518)-N(6)/adenine(1519)-N(6))-dimethyltransferase RsmA"
"CAMKI_MACNP","77286290",0.954993710457292,7,5,5,FALSE,"NMG88_RS00765","ADP-ribosylglycohydrolase family protein","ADP-ribosylglycohydrolase family protein"
"PAQR1_HUMAN","77286368",0.954993710457292,7,5,5,FALSE,"NMG88_RS01155","response regulator","response regulator"
"PHOP1_MOUSE","77286397",0.954993710457292,7,5,5,FALSE,"NMG88_RS01300","alginate O-acetyltransferase AlgX-related protein","hypothetical protein"
"CAMKI_MACNP","77286439",0.954993710457292,7,5,5,FALSE,"NMG88_RS01510","molybdopterin-synthase adenylyltransferase MoeB","molybdopterin-synthase adenylyltransferase MoeB"
"CWC2_YARLI","77286457",0.954993710457292,7,7,7,FALSE,"NMG88_RS01600","iron uptake porin","iron uptake porin"
"BIP_ASPAW","77286507",0.954993710457292,7,5,5,FALSE,"NMG88_RS01850","peroxiredoxin","peroxiredoxin"
"PAQR1_HUMAN","77286621",0.954993710457292,7,5,5,FALSE,"NMG88_RS02420","hypothetical protein","hypothetical protein"
"BIP_ASPAW","77286638",0.954993710457292,7,5,5,FALSE,"NMG88_RS02505","YdcF family protein","YdcF family protein"
"CAMKI_MACNP","77286674",0.954993710457292,7,5,5,FALSE,"NMG88_RS02685","ATP-binding protein","ATP-binding protein"
"CAMKI_MACNP","77286693",0.954993710457292,7,5,5,FALSE,"NMG88_RS02780","50S ribosomal protein L3","50S ribosomal protein L3"
"NPAL2_HUMAN","77286696",0.954993710457292,7,5,5,FALSE,"NMG88_RS02795","50S ribosomal protein L2","50S ribosomal protein L2"
"ATC2_CRYNH","77286708",-0.954993710457292,7,5,5,FALSE,"NMG88_RS02855","50S ribosomal protein L18","50S ribosomal protein L18"
"PAQR1_HUMAN","77286729",0.954993710457292,7,5,5,FALSE,"NMG88_RS02960","2-hydroxyacid dehydrogenase","2-hydroxyacid dehydrogenase"
"TRNL_SCHPO","77286799",-0.954993710457292,7,5,5,FALSE,"NMG88_RS03310","phycobilisome rod-core linker polypeptide","phycobilisome rod-core linker polypeptide"
"NPAL2_HUMAN","77286816",0.954993710457292,7,5,5,FALSE,"NMG88_RS03395","ammonium transporter","ammonium transporter"
"AB6C_ARATH","77286996",0.954993710457292,7,5,5,FALSE,"NMG88_RS04295","cyclophane-forming radical SAM/SPASM peptide maturase GrrM/OscB","cyclophane-forming radical SAM/SPASM peptide maturase GrrM/OscB"
"ACA1_SCHPO","77287225",-0.954993710457292,7,5,5,FALSE,"NMG88_RS05440","F0F1 ATP synthase subunit A","F0F1 ATP synthase subunit A"
"CAMKI_MACNP","77287298",0.954993710457292,7,5,5,FALSE,"NMG88_RS05805","SpoIID/LytB domain-containing protein","SpoIID/LytB domain-containing protein"
"AB6C_ARATH","77287672",-0.954993710457292,7,5,5,FALSE,"NMG88_RS07675","glycosyltransferase family 4 protein","glycosyltransferase family 4 protein"
"PAQR1_HUMAN","77287750",0.954993710457292,7,5,5,FALSE,"NMG88_RS08065","hydrogenase nickel incorporation protein HypB","hydrogenase nickel incorporation protein HypB"
"AL1A3_HUMAN","77287778",0.954993710457292,7,5,5,FALSE,"NMG88_RS08205","NACHT domain-containing protein","hypothetical protein"
"CAMKI_MACNP","77287905",0.954993710457292,7,5,5,FALSE,"NMG88_RS08840","flotillin family protein","SPFH domain-containing protein"
"ACA1_SCHPO","77287960",0.954993710457292,7,5,5,FALSE,"NMG88_RS09115","hypothetical protein","hypothetical protein"
"ATC2_CRYNH","77287960",0.954993710457292,7,5,5,FALSE,"NMG88_RS09115","hypothetical protein","hypothetical protein"
"CAMKI_MACNP","77288035",0.954993710457292,7,5,5,FALSE,"NMG88_RS09490","succinate--CoA ligase subunit alpha","CoA-binding protein"
"ACA1_SCHPO","77288043",-0.954993710457292,7,5,5,FALSE,"NMG88_RS09530","Uma2 family endonuclease","Uma2 family endonuclease"
"ATC2_CRYNH","77288043",-0.954993710457292,7,5,5,FALSE,"NMG88_RS09530","Uma2 family endonuclease","Uma2 family endonuclease"
"DBP4_CRYNJ","77288065",0.954993710457292,7,5,5,FALSE,"NMG88_RS09640","RNA-guided endonuclease InsQ/TnpB family protein","zinc ribbon domain-containing protein"
"ABCB6_HUMAN","77288206",0.954993710457292,7,5,5,FALSE,"NMG88_RS10345","hypothetical protein","cobyrinic acid a,c-diamide synthase"
"NPAL2_HUMAN","77288253",0.954993710457292,7,5,5,FALSE,"NMG88_RS10580","Fe-S cluster assembly protein SufD","Fe-S cluster assembly protein SufD"
"ARF_CRYNB","77288414",-0.954993710457292,7,7,7,FALSE,"NMG88_RS11385","transcription termination factor NusA","transcription termination factor NusA"
"NPAL2_HUMAN","77288426",0.954993710457292,7,5,5,FALSE,"NMG88_RS11445","pentapeptide repeat-containing protein","pentapeptide repeat-containing protein"
"BIP_ASPAW","77288605",0.954993710457292,7,5,5,FALSE,"NMG88_RS12340","DUF4359 domain-containing protein","DUF4359 domain-containing protein"
"PHOP1_MOUSE","77288771",0.954993710457292,7,5,5,FALSE,"NMG88_RS13170","hypothetical protein","hypothetical protein"
"NU4M_USTMA","77288823",-0.954993710457292,7,5,5,FALSE,"NMG88_RS13430","ABC transporter substrate-binding protein","ABC transporter substrate-binding protein"
"ARF_CRYNB","77288974",-0.954993710457292,7,6,6,FALSE,"NMG88_RS14185","PQQ-dependent sugar dehydrogenase","sorbosone dehydrogenase family protein"
"ATC2_CRYNH","77289042",-0.954993710457292,7,5,5,FALSE,"NMG88_RS14525","DUF29 domain-containing protein","DUF29 domain-containing protein"
"BIP_ASPAW","77289402",-0.954993710457292,7,5,5,FALSE,"NMG88_RS16325","hypothetical protein","hypothetical protein"
"CAMKI_MACNP","77289506",0.954993710457292,7,5,5,FALSE,"NMG88_RS16845","SDR family oxidoreductase","SDR family oxidoreductase"
"AL1A3_HUMAN","77289557",0.954993710457292,7,5,5,FALSE,"NMG88_RS17100","molybdenum cofactor biosynthesis protein MoaE","molybdenum cofactor biosynthesis protein MoaE"
"NPAL2_HUMAN","77289570",-0.954993710457292,7,5,5,FALSE,"NMG88_RS17165","rubredoxin","rubredoxin"
"PAQR1_HUMAN","77289634",0.954993710457292,7,5,5,FALSE,"NMG88_RS17485","hypothetical protein","hypothetical protein"
"MOGT1_HUMAN","77289799",-0.954993710457292,7,5,5,FALSE,"NMG88_RS18310","type IV pilus twitching motility protein PilT","type IV pilus twitching motility protein PilT"
"PAQR1_HUMAN","77289846",-0.954993710457292,7,5,5,FALSE,"NMG88_RS18545","phosphoribulokinase","phosphoribulokinase"
"PAQR1_HUMAN","77289932",0.954993710457292,7,5,5,FALSE,"NMG88_RS18975","SH3 domain-containing protein","SH3 domain-containing protein"
"CAMKI_MACNP","77289982",0.954993710457292,7,5,5,FALSE,"NMG88_RS19225","glutathione synthase","glutathione synthase"
"PHOP1_MOUSE","77290000",0.954993710457292,7,5,5,FALSE,"NMG88_RS19315","pentapeptide repeat-containing protein","pentapeptide repeat-containing protein"
"PPCE_MOUSE","77290008",-0.954993710457292,7,5,5,FALSE,"NMG88_RS19355","cytochrome c oxidase subunit II","cytochrome c oxidase subunit II"
"CAMKI_MACNP","77290104",0.954993710457292,7,5,5,FALSE,"NMG88_RS19835","geranylgeranyl reductase family protein","geranylgeranyl reductase family protein"
"AB6C_ARATH","77290233",0.954993710457292,7,5,5,FALSE,"NMG88_RS20480","tRNA 2-thiouridine(34) synthase MnmA","tRNA 2-thiouridine(34) synthase MnmA"
"AL1A3_HUMAN","77290233",0.954993710457292,7,5,5,FALSE,"NMG88_RS20480","tRNA 2-thiouridine(34) synthase MnmA","tRNA 2-thiouridine(34) synthase MnmA"
"MOGT1_HUMAN","77290288",0.954993710457292,7,5,5,FALSE,"NMG88_RS20755","pentapeptide repeat-containing protein","pentapeptide repeat-containing protein"
"NPAL2_HUMAN","77290386",0.954993710457292,7,5,5,FALSE,"NMG88_RS21245","RNA-guided endonuclease InsQ/TnpB family protein","RNA-guided endonuclease TnpB family protein"
"PHOP1_MOUSE","77290394",0.954993710457292,7,5,5,FALSE,"NMG88_RS21285","calcium-binding protein","calcium-binding protein"
"AMYA_DROMA","77286185",0.936974961203381,7,5,5,FALSE,"NMG88_RS00240","50S ribosomal protein L11","50S ribosomal protein L11"
"AMYA_DROMA","77286258",0.936974961203381,7,5,5,FALSE,"NMG88_RS00605","AbrB family transcriptional regulator","AbrB family transcriptional regulator"
"ARF_CRYNB","77286398",-0.936974961203381,7,6,6,FALSE,"NMG88_RS01305","tetratricopeptide repeat protein","tetratricopeptide repeat protein"
"ARF_CRYNB","77286894",-0.936974961203381,7,7,7,FALSE,"NMG88_RS03785","excinuclease ABC subunit UvrC","excinuclease ABC subunit UvrC"
"NU4M_USTMA","77288008",0.936974961203381,7,5,5,FALSE,"NMG88_RS09355","HAD family hydrolase","HAD family hydrolase"
"PHOP1_MOUSE","77288253",0.936974961203381,7,5,5,FALSE,"NMG88_RS10580","Fe-S cluster assembly protein SufD","Fe-S cluster assembly protein SufD"
"AB6C_ARATH","77288378",-0.936974961203381,7,5,5,FALSE,"NMG88_RS11205","DUF2854 domain-containing protein","DUF2854 domain-containing protein"
"PHOP1_MOUSE","77288426",0.936974961203381,7,5,5,FALSE,"NMG88_RS11445","pentapeptide repeat-containing protein","pentapeptide repeat-containing protein"
"NPAL2_HUMAN","77288771",0.936974961203381,7,5,5,FALSE,"NMG88_RS13170","hypothetical protein","hypothetical protein"
"ACA1_SCHPO","77289148",0.936974961203381,7,5,5,FALSE,"NMG88_RS15055","hypothetical protein","hypothetical protein"
"CBPC1_HUMAN","77289506",0.936974961203381,7,5,5,FALSE,"NMG88_RS16845","SDR family oxidoreductase","SDR family oxidoreductase"
"CBPC1_HUMAN","77289982",0.936974961203381,7,5,5,FALSE,"NMG88_RS19225","glutathione synthase","glutathione synthase"
"NPAL2_HUMAN","77290000",0.936974961203381,7,5,5,FALSE,"NMG88_RS19315","pentapeptide repeat-containing protein","pentapeptide repeat-containing protein"
"PHOP1_MOUSE","77290386",0.936974961203381,7,5,5,FALSE,"NMG88_RS21245","RNA-guided endonuclease InsQ/TnpB family protein","RNA-guided endonuclease TnpB family protein"
"AMYA_DROMA","77290604",0.936974961203381,7,5,5,FALSE,"NMG88_RS22335","hypothetical protein","hypothetical protein"
"ARF_CRYNB","77286446",0.934946990008457,7,4,4,FALSE,"NMG88_RS01545","DUF1565 domain-containing protein","DUF1565 domain-containing protein"
"ARF_CRYNB","77286480",0.934946990008457,7,4,4,FALSE,"NMG88_RS01715","peptidoglycan-binding domain-containing protein","peptidoglycan-binding protein"
"ARF_CRYNB","77286949",0.934946990008457,7,4,4,FALSE,"NMG88_RS04060","recombination mediator RecR","recombination mediator RecR"
"ARF_CRYNB","77288939",0.934946990008457,7,4,4,FALSE,"NMG88_RS14010","sugar O-acetyltransferase","sugar O-acetyltransferase"
"PHOP1_MOUSE","77286158",0.928571428571428,7,6,6,FALSE,"NMG88_RS00105","glycoside hydrolase family 10 protein","glycoside hydrolase family 10 protein"
"TRNL_SCHPO","77286168",0.928571428571428,7,7,7,FALSE,"NMG88_RS00155","bifunctional ornithine acetyltransferase/N-acetylglutamate synthase","bifunctional ornithine acetyltransferase/N-acetylglutamate synthase"
"BIP_ASPAW","77286172",0.928571428571428,7,6,6,FALSE,"NMG88_RS00175","sugar kinase","sugar kinase"
"NPAL2_HUMAN","77286196",0.928571428571428,7,6,6,FALSE,"NMG88_RS00295","sensor histidine kinase","histidine kinase dimerization/phospho-acceptor domain-containing protein"
"PHOP1_MOUSE","77286196",0.928571428571428,7,6,6,FALSE,"NMG88_RS00295","sensor histidine kinase","histidine kinase dimerization/phospho-acceptor domain-containing protein"
"PAQR1_HUMAN","77286212",0.928571428571428,7,6,6,FALSE,"NMG88_RS00375","hypothetical protein","hypothetical protein"
"ABCB6_HUMAN","77286264",0.928571428571428,7,7,7,FALSE,"NMG88_RS00635","malic enzyme-like NAD(P)-binding protein","malic enzyme-like NAD(P)-binding protein"
"ACA1_SCHPO","77286293",-0.928571428571428,7,7,7,FALSE,"NMG88_RS00780","competence/damage-inducible protein A","competence/damage-inducible protein A"
"PPCE_MOUSE","77286364",-0.928571428571428,7,6,6,FALSE,"NMG88_RS01135","30S ribosomal protein S12 methylthiotransferase RimO","30S ribosomal protein S12 methylthiotransferase RimO"
"PAQR1_HUMAN","77286367",0.928571428571428,7,7,7,FALSE,"NMG88_RS01150","adenylate/guanylate cyclase domain-containing protein","adenylate/guanylate cyclase domain-containing protein"
"CAMKI_MACNP","77286399",0.928571428571428,7,6,6,FALSE,"NMG88_RS01310","biosynthetic-type acetolactate synthase large subunit","biosynthetic-type acetolactate synthase large subunit"
"ATG7_CHICK","77286457",0.928571428571428,7,7,7,FALSE,"NMG88_RS01600","iron uptake porin","iron uptake porin"
"HTR5B_XENTR","77286457",0.928571428571428,7,7,7,FALSE,"NMG88_RS01600","iron uptake porin","iron uptake porin"
"SWI6_CRYNH","77286457",-0.928571428571428,7,7,7,FALSE,"NMG88_RS01600","iron uptake porin","iron uptake porin"
"NU4M_USTMA","77286525",-0.928571428571428,7,6,6,FALSE,"NMG88_RS01940","4-hydroxy-3-methylbut-2-enyl diphosphate reductase","4-hydroxy-3-methylbut-2-enyl diphosphate reductase"
"CAMKI_MACNP","77286544",-0.928571428571428,7,6,6,FALSE,"NMG88_RS02035","S8 family serine peptidase","S8 family serine peptidase"
"AMYA_DROMA","77286566",-0.928571428571428,7,6,6,FALSE,"NMG88_RS02145","DNA-methyltransferase","site-specific DNA-methyltransferase"
"CAMKI_MACNP","77286683",0.928571428571428,7,6,6,FALSE,"NMG88_RS02730","BCD family MFS transporter","BCD family MFS transporter"
"SYKC_SCHPO","77286698",0.928571428571428,7,6,6,FALSE,"NMG88_RS02805","50S ribosomal protein L22","50S ribosomal protein L22"
"NPAL2_HUMAN","77286798",0.928571428571428,7,6,6,FALSE,"NMG88_RS03305","phycobilisome protein","phycobilisome protein"
"PHOP1_MOUSE","77286798",0.928571428571428,7,6,6,FALSE,"NMG88_RS03305","phycobilisome protein","phycobilisome protein"
"BIP_ASPAW","77286817",0.928571428571428,7,7,7,FALSE,"NMG88_RS03400","SGNH/GDSL hydrolase family protein","SGNH/GDSL hydrolase family protein"
"ACA1_SCHPO","77286830",-0.928571428571428,7,7,7,FALSE,"NMG88_RS03465","class I SAM-dependent DNA methyltransferase","DNA methyltransferase"
"PAQR1_HUMAN","77286897",0.928571428571428,7,6,6,FALSE,"NMG88_RS03800","DUF4912 domain-containing protein","DUF4912 domain-containing protein"
"DBP4_CRYNJ","77286943",0.928571428571428,7,6,6,FALSE,"NMG88_RS04030","Crp/Fnr family transcriptional regulator","Crp/Fnr family transcriptional regulator"
"AB6C_ARATH","77286966",-0.928571428571428,7,6,6,FALSE,"NMG88_RS04145","S-layer homology domain-containing protein","S-layer homology domain-containing protein"
"CAMKI_MACNP","77286986",0.928571428571428,7,7,7,FALSE,"NMG88_RS04245","branched-chain amino acid ABC transporter permease","branched-chain amino acid ABC transporter permease"
"CBPC1_HUMAN","77286986",0.928571428571428,7,7,7,FALSE,"NMG88_RS04245","branched-chain amino acid ABC transporter permease","branched-chain amino acid ABC transporter permease"
"DBP4_CRYNJ","77286992",0.928571428571428,7,6,6,FALSE,"NMG88_RS04275","phosphodiester glycosidase family protein","phosphodiester glycosidase family protein"
"ACA1_SCHPO","77287043",-0.928571428571428,7,6,6,FALSE,"NMG88_RS04530","hypothetical protein","hypothetical protein"
"ACA1_SCHPO","77287044",-0.928571428571428,7,6,6,FALSE,"NMG88_RS04535","Crp/Fnr family transcriptional regulator","Crp/Fnr family transcriptional regulator"
"DBP4_CRYNJ","77287204",0.928571428571428,7,6,6,FALSE,"NMG88_RS05335","LON peptidase substrate-binding domain-containing protein","LON peptidase substrate-binding domain-containing protein"
"CAMKI_MACNP","77287231",0.928571428571428,7,6,6,FALSE,"NMG88_RS05470","F0F1 ATP synthase subunit gamma","F0F1 ATP synthase subunit gamma"
"DBP4_CRYNJ","77287242",0.928571428571428,7,6,6,FALSE,"NMG88_RS05525","MFS transporter","MFS transporter"
"FEN1_NEMVE","77287251",-0.928571428571428,7,6,6,FALSE,"NMG88_RS05570","NADH-quinone oxidoreductase subunit M","NADH-quinone oxidoreductase subunit M"
"NPAL2_HUMAN","77287338",0.928571428571428,7,7,7,FALSE,"NMG88_RS06005","ribulose bisphosphate carboxylase small subunit","ribulose bisphosphate carboxylase small subunit"
"CAMKI_MACNP","77287505",-0.928571428571428,7,7,7,FALSE,"NMG88_RS06840","tRNA epoxyqueuosine(34) reductase QueG","tRNA epoxyqueuosine(34) reductase QueG"
"DBP4_CRYNJ","77287665",0.928571428571428,7,6,6,FALSE,"NMG88_RS07640","anthranilate phosphoribosyltransferase","anthranilate phosphoribosyltransferase"
"BIP_ASPAW","77287670",-0.928571428571428,7,6,6,FALSE,"NMG88_RS07665","methyltransferase domain-containing protein","methyltransferase domain-containing protein"
"NPAL2_HUMAN","77287678",-0.928571428571428,7,7,7,FALSE,"NMG88_RS07705","peptidase domain-containing ABC transporter","peptidase domain-containing ABC transporter"
"PAQR1_HUMAN","77287744",0.928571428571428,7,7,7,FALSE,"NMG88_RS08035","NB-ARC domain-containing protein","NB-ARC domain-containing protein"
"AB6C_ARATH","77287763",-0.928571428571428,7,7,7,FALSE,"NMG88_RS08130","DNA-methyltransferase","site-specific DNA-methyltransferase"
"PPCE_MOUSE","77287799",0.928571428571428,7,7,7,FALSE,"NMG88_RS08310","tetratricopeptide repeat protein","tetratricopeptide repeat protein"
"DBP4_CRYNJ","77287808",0.928571428571428,7,6,6,FALSE,"NMG88_RS08355","homoserine dehydrogenase","homoserine dehydrogenase"
"NPAL2_HUMAN","77287827",-0.928571428571428,7,7,7,FALSE,"NMG88_RS08450","hypothetical protein","hypothetical protein"
"CAMKI_MACNP","77287837",0.928571428571428,7,6,6,FALSE,"NMG88_RS08500","NAD(P)H-quinone oxidoreductase subunit 5","NAD(P)H-quinone oxidoreductase subunit 5"
"AB6C_ARATH","77287926",-0.928571428571428,7,7,7,FALSE,"NMG88_RS08945","tRNA dihydrouridine(20/20a) synthase DusA","tRNA dihydrouridine(20/20a) synthase DusA"
"BIP_ASPAW","77287973",0.928571428571428,7,6,6,FALSE,"NMG88_RS09180","UDP-N-acetylmuramoyl-tripeptide--D-alanyl-D-alanine ligase","UDP-N-acetylmuramoyl-tripeptide--D-alanyl-D-alanine ligase"
"CAMKI_MACNP","77288020",-0.928571428571428,7,7,7,FALSE,"NMG88_RS09415","tetratricopeptide repeat protein","tetratricopeptide repeat protein"
"AB6C_ARATH","77288049",-0.928571428571428,7,6,6,FALSE,"NMG88_RS09560","polyphosphate kinase 1","polyphosphate kinase 1"
"NPAL2_HUMAN","77288052",0.928571428571428,7,6,6,FALSE,"NMG88_RS09575","DUF3038 domain-containing protein","DUF3038 domain-containing protein"
"NPAL2_HUMAN","77288071",0.928571428571428,7,6,6,FALSE,"NMG88_RS09670","threonine--tRNA ligase","threonine--tRNA ligase"
"PPCE_MOUSE","77288194",0.928571428571428,7,6,6,FALSE,"NMG88_RS10285","UDP-N-acetylmuramoyl-L-alanine--D-glutamate ligase","UDP-N-acetylmuramoyl-L-alanine--D-glutamate ligase"
"BIP_ASPAW","77288245",-0.928571428571428,7,7,7,FALSE,"NMG88_RS10540","hydantoinase B/oxoprolinase family protein","hydantoinase B/oxoprolinase family protein"
"CAMKI_MACNP","77288247",0.928571428571428,7,6,6,FALSE,"NMG88_RS10550","Fe2+-dependent dioxygenase","Fe2+-dependent dioxygenase"
"PHOP1_MOUSE","77288251",0.928571428571428,7,6,6,FALSE,"NMG88_RS10570","Fe-S cluster assembly protein SufB","Fe-S cluster assembly protein SufB"
"BIP_ASPAW","77288257",-0.928571428571428,7,6,6,FALSE,"NMG88_RS10600","alpha/beta fold hydrolase","alpha/beta hydrolase"
"MOGT1_HUMAN","77288260",0.928571428571428,7,7,7,FALSE,"NMG88_RS10615","CoA-acylating methylmalonate-semialdehyde dehydrogenase","CoA-acylating methylmalonate-semialdehyde dehydrogenase"
"NU4M_USTMA","77288272",0.928571428571428,7,6,6,FALSE,"NMG88_RS10675","tetratricopeptide repeat protein","tetratricopeptide repeat protein"
"SYKC_SCHPO","77288315",-0.928571428571428,7,7,7,FALSE,"NMG88_RS10890","peptidoglycan-binding domain-containing protein","peptidoglycan-binding protein"
"AL1A3_HUMAN","77288360",0.928571428571428,7,7,7,FALSE,"NMG88_RS11115","hormogonium polysaccharide biosynthesis glycosyltransferase HpsP","hormogonium polysaccharide biosynthesis glycosyltransferase HpsP"
"MOGT1_HUMAN","77288446",0.928571428571428,7,7,7,FALSE,"NMG88_RS11545","N-acetylmuramoyl-L-alanine amidase","N-acetylmuramoyl-L-alanine amidase"
"ACA1_SCHPO","77288447",-0.928571428571428,7,6,6,FALSE,"NMG88_RS11550","RecQ family ATP-dependent DNA helicase","RecQ family ATP-dependent DNA helicase"
"NPAL2_HUMAN","77288600",0.928571428571428,7,6,6,FALSE,"NMG88_RS12315","cytochrome f","cytochrome f"
"PHOP1_MOUSE","77288617",0.928571428571428,7,6,6,FALSE,"NMG88_RS12400","hypothetical protein","hypothetical protein"
"BIP_ASPAW","77288649",0.928571428571428,7,6,6,FALSE,"NMG88_RS12560","GMC family oxidoreductase","GMC family oxidoreductase"
"ATC2_CRYNH","77288655",-0.928571428571428,7,7,7,FALSE,"NMG88_RS12590","cation-translocating P-type ATPase","cation-translocating P-type ATPase"
"NPAL2_HUMAN","77288669",-0.928571428571428,7,6,6,FALSE,"NMG88_RS12660","30S ribosome-binding factor RbfA","30S ribosome-binding factor RbfA"
"PHOP1_MOUSE","77288737",-0.928571428571428,7,6,6,FALSE,"NMG88_RS13000","photosystem I reaction center protein subunit XI","photosystem I reaction center protein subunit XI"
"ACA1_SCHPO","77288773",-0.928571428571428,7,6,6,FALSE,"NMG88_RS13180","pentapeptide repeat-containing protein","pentapeptide repeat-containing protein"
"PHOP1_MOUSE","77288783",0.928571428571428,7,6,6,FALSE,"NMG88_RS13230","hypothetical protein","hypothetical protein"
"AMYA_DROMA","77288813",-0.928571428571428,7,7,7,FALSE,"NMG88_RS13380","tetratricopeptide repeat protein","tetratricopeptide repeat protein"
"CBPC1_HUMAN","77288813",0.928571428571428,7,7,7,FALSE,"NMG88_RS13380","tetratricopeptide repeat protein","tetratricopeptide repeat protein"
"ACA1_SCHPO","77288831",-0.928571428571428,7,6,6,FALSE,"NMG88_RS13470","septal ring lytic transglycosylase RlpA family protein","septal ring lytic transglycosylase RlpA family protein"
"PHOP1_MOUSE","77288851",0.928571428571428,7,6,6,FALSE,"NMG88_RS13570","tetratricopeptide repeat protein","tetratricopeptide repeat protein"
"ACA1_SCHPO","77288864",0.928571428571428,7,6,6,FALSE,"NMG88_RS13635","DNA sulfur modification protein DndD","DNA sulfur modification protein DndD"
"ATC2_CRYNH","77288864",0.928571428571428,7,6,6,FALSE,"NMG88_RS13635","DNA sulfur modification protein DndD","DNA sulfur modification protein DndD"
"MOGT1_HUMAN","77288897",0.928571428571428,7,7,7,FALSE,"NMG88_RS13800","polyamine ABC transporter substrate-binding protein","spermidine/putrescine ABC transporter substrate-binding protein"
"SYKC_SCHPO","77288921",0.928571428571428,7,6,6,FALSE,"NMG88_RS13920","acetyl-CoA carboxylase biotin carboxylase subunit","acetyl-CoA carboxylase biotin carboxylase subunit"
"SYKC_SCHPO","77289013",-0.928571428571428,7,7,7,FALSE,"NMG88_RS14380","ABC transporter ATP-binding protein","ABC transporter ATP-binding protein"
"DBP4_CRYNJ","77289033",-0.928571428571428,7,7,7,FALSE,"NMG88_RS14480","helix-turn-helix domain-containing protein","RodZ domain-containing protein"
"BIP_ASPAW","77289075",0.928571428571428,7,6,6,FALSE,"NMG88_RS14690","replicative DNA helicase","replicative DNA helicase"
"CAMKI_MACNP","77289201",0.928571428571428,7,6,6,FALSE,"NMG88_RS15320","DUF2891 domain-containing protein","DUF2891 domain-containing protein"
"AB6C_ARATH","77289240",-0.928571428571428,7,6,6,FALSE,"NMG88_RS15515","glucose-6-phosphate isomerase","glucose-6-phosphate isomerase"
"ABCB6_HUMAN","77289282",0.928571428571428,7,7,7,FALSE,"NMG88_RS15725","WD40 repeat domain-containing protein","hypothetical protein"
"ACA1_SCHPO","77289286",0.928571428571428,7,7,7,FALSE,"NMG88_RS15745","putative baseplate assembly protein","putative baseplate assembly protein"
"AB6C_ARATH","77289328",-0.928571428571428,7,6,6,FALSE,"NMG88_RS15955","Eco57I restriction-modification methylase domain-containing protein","N-6 DNA methylase"
"PAQR1_HUMAN","77289334",0.928571428571428,7,6,6,FALSE,"NMG88_RS15985","FIST signal transduction protein","FIST N-terminal domain-containing protein"
"NPAL2_HUMAN","77289354",0.928571428571428,7,6,6,FALSE,"NMG88_RS16085","leucyl aminopeptidase","leucyl aminopeptidase"
"DBP4_CRYNJ","77289445",0.928571428571428,7,7,7,FALSE,"NMG88_RS16540","serine/threonine-protein kinase","serine/threonine-protein kinase"
"PHOP1_MOUSE","77289457",0.928571428571428,7,6,6,FALSE,"NMG88_RS16600","M16 family metallopeptidase","pitrilysin family protein"
"ABCB6_HUMAN","77289470",0.928571428571428,7,7,7,FALSE,"NMG88_RS16665","primosomal protein N'","primosomal protein N'"
"NU4M_USTMA","77289489",-0.928571428571428,7,6,6,FALSE,"NMG88_RS16760","nitrate ABC transporter ATP-binding protein","nitrate ABC transporter ATP-binding protein"
"ATC2_CRYNH","77289502",-0.928571428571428,7,6,6,FALSE,"NMG88_RS16825","Uma2 family endonuclease","Uma2 family endonuclease"
"MOGT1_HUMAN","77289529",-0.928571428571428,7,6,6,FALSE,"NMG88_RS16960","calcium/proton exchanger","calcium/proton exchanger"
"AB6C_ARATH","77289540",-0.928571428571428,7,6,6,FALSE,"NMG88_RS17015","adenylate/guanylate cyclase domain-containing protein","adenylate/guanylate cyclase domain-containing protein"
"PPCE_MOUSE","77289563",-0.928571428571428,7,7,7,FALSE,"NMG88_RS17130","NADH-quinone oxidoreductase subunit J","NADH-quinone oxidoreductase subunit J"
"MOGT1_HUMAN","77289571",0.928571428571428,7,7,7,FALSE,"NMG88_RS17170","photosynthesis system II assembly factor Ycf48","photosynthesis system II assembly factor Ycf48"
"DBP4_CRYNJ","77289578",0.928571428571428,7,6,6,FALSE,"NMG88_RS17205","hypothetical protein","hypothetical protein"
"CAMKI_MACNP","77289615",-0.928571428571428,7,7,7,FALSE,"NMG88_RS17390","C-3',4' desaturase CrtD","C-3',4' desaturase CrtD"
"AB6C_ARATH","77289657",-0.928571428571428,7,6,6,FALSE,"NMG88_RS17600","cobalt-precorrin-6A reductase","cobalt-precorrin-6A reductase"
"AL1A3_HUMAN","77289671",0.928571428571428,7,6,6,FALSE,"NMG88_RS17670","DUF4351 domain-containing protein","DUF4351 domain-containing protein"
"ATC2_CRYNH","77289747",-0.928571428571428,7,6,6,FALSE,"NMG88_RS18050","class I SAM-dependent methyltransferase","class I SAM-dependent methyltransferase"
"PAQR1_HUMAN","77289770",0.928571428571428,7,7,7,FALSE,"NMG88_RS18165","AMP-dependent synthetase/ligase","AMP-binding protein"
"CAMKI_MACNP","77289867",-0.928571428571428,7,7,7,FALSE,"NMG88_RS18650","2OG-Fe(II) oxygenase","2OG-Fe(II) oxygenase"
"NU4M_USTMA","77289873",0.928571428571428,7,7,7,FALSE,"NMG88_RS18680","ribonucleoside-diphosphate reductase subunit alpha","ribonucleoside-diphosphate reductase subunit alpha"
"PAQR1_HUMAN","77289931",0.928571428571428,7,6,6,FALSE,"NMG88_RS18970","bifunctional folylpolyglutamate synthase/dihydrofolate synthase","folylpolyglutamate synthase/dihydrofolate synthase family protein"
"MOGT1_HUMAN","77289969",-0.928571428571428,7,6,6,FALSE,"NMG88_RS19160","response regulator","response regulator"
"PAQR1_HUMAN","77290002",0.928571428571428,7,7,7,FALSE,"NMG88_RS19325","glycoside hydrolase family 10 protein","family 10 glycosylhydrolase"
"CAMKI_MACNP","77290061",0.928571428571428,7,6,6,FALSE,"NMG88_RS19620","valine--pyruvate transaminase","valine--pyruvate transaminase"
"NPAL2_HUMAN","77290080",-0.928571428571428,7,7,7,FALSE,"NMG88_RS19715","ABC transporter ATP-binding protein","ABC transporter ATP-binding protein"
"NU4M_USTMA","77290087",0.928571428571428,7,7,7,FALSE,"NMG88_RS19750","DegT/DnrJ/EryC1/StrS family aminotransferase","DegT/DnrJ/EryC1/StrS family aminotransferase"
"MOGT1_HUMAN","77290099",0.928571428571428,7,7,7,FALSE,"NMG88_RS19810","plasmid replication protein, CyRepA1 family","plasmid replication protein, CyRepA1 family"
"SYKC_SCHPO","77290152",-0.928571428571428,7,7,7,FALSE,"NMG88_RS20075","DUF2126 domain-containing protein","transglutaminase family protein"
"BIP_ASPAW","77290187",0.928571428571428,7,6,6,FALSE,"NMG88_RS20250","maltose alpha-D-glucosyltransferase","maltose alpha-D-glucosyltransferase"
"AB6C_ARATH","77290189",-0.928571428571428,7,7,7,FALSE,"NMG88_RS20260","malto-oligosyltrehalose synthase","malto-oligosyltrehalose synthase"
"NPAL2_HUMAN","77290306",0.928571428571428,7,6,6,FALSE,"NMG88_RS20845","RNA-guided endonuclease InsQ/TnpB family protein",NA
"AL1A3_HUMAN","77290381",-0.928571428571428,7,7,7,FALSE,"NMG88_RS21220","exonuclease subunit SbcD","exonuclease subunit SbcD"
"NPAL2_HUMAN","77290426",0.928571428571428,7,6,6,FALSE,"NMG88_RS21445","COP23 domain-containing protein","COP23 domain-containing protein"
"NU4M_USTMA","77290470",-0.928571428571428,7,6,6,FALSE,"NMG88_RS21665","NAD(P)/FAD-dependent oxidoreductase","FAD-binding oxidoreductase"
"AL1A3_HUMAN","77290502",0.928571428571428,7,7,7,FALSE,"NMG88_RS21825","ParA family protein","ParA family protein"
"NPAL2_HUMAN","77290586",0.928571428571428,7,6,6,FALSE,"NMG88_RS22245","hypothetical protein","hypothetical protein"
"PHOP1_MOUSE","77290586",0.928571428571428,7,6,6,FALSE,"NMG88_RS22245","hypothetical protein","hypothetical protein"
"ARF_CRYNB","77287960",-0.927272727272727,7,5,5,FALSE,"NMG88_RS09115","hypothetical protein","hypothetical protein"
"CAMKI_MACNP","77286153",0.926561645826376,7,4,4,FALSE,"NMG88_RS00080","glutamyl-tRNA reductase","glutamyl-tRNA reductase"
"MOGT1_HUMAN","77286195",-0.926561645826376,7,4,4,FALSE,"NMG88_RS00290","response regulator transcription factor","response regulator transcription factor"
"ATC2_CRYNH","77286252",0.926561645826376,7,4,4,FALSE,"NMG88_RS00575","phosphoribosylformylglycinamidine synthase subunit PurQ","phosphoribosylformylglycinamidine synthase subunit PurQ"
"CAMKI_MACNP","77286382",0.926561645826376,7,4,4,FALSE,"NMG88_RS01225","TIGR00297 family protein","TIGR00297 family protein"
"BIP_ASPAW","77286429",0.926561645826376,7,4,4,FALSE,"NMG88_RS01460","tRNA (guanosine(46)-N7)-methyltransferase TrmB","tRNA (guanosine(46)-N7)-methyltransferase TrmB"
"CAMKI_MACNP","77286443",0.926561645826376,7,4,4,FALSE,"NMG88_RS01530","tRNA pseudouridine(55) synthase TruB","tRNA pseudouridine(55) synthase TruB"
"ACA1_SCHPO","77286460",-0.926561645826376,7,4,4,FALSE,"NMG88_RS01615","creatininase family protein","creatininase family protein"
"NU4M_USTMA","77286508",0.926561645826376,7,4,4,FALSE,"NMG88_RS01855","peptidylprolyl isomerase","peptidylprolyl isomerase"
"ATC2_CRYNH","77286626",-0.926561645826376,7,4,4,FALSE,"NMG88_RS02445","2Fe-2S iron-sulfur cluster-binding protein","2Fe-2S iron-sulfur cluster-binding protein"
"CAMKI_MACNP","77286703",0.926561645826376,7,4,4,FALSE,"NMG88_RS02830","50S ribosomal protein L14","50S ribosomal protein L14"
"NPAL2_HUMAN","77286850",0.926561645826376,7,4,4,FALSE,"NMG88_RS03565","tetratricopeptide repeat protein","tetratricopeptide repeat protein"
"PPCE_MOUSE","77286857",0.926561645826376,7,4,4,FALSE,"NMG88_RS03600","hypothetical protein","hypothetical protein"
"ACA1_SCHPO","77287133",0.926561645826376,7,4,4,FALSE,"NMG88_RS04980","sulfate ABC transporter permease subunit CysW","sulfate ABC transporter permease subunit CysW"
"ACA1_SCHPO","77287150",0.926561645826376,7,4,4,FALSE,"NMG88_RS05065","McrC family protein","McrC family protein"
"MOGT1_HUMAN","77287286",-0.926561645826376,7,4,4,FALSE,"NMG88_RS05745","hypothetical protein","hypothetical protein"
"CAMKI_MACNP","77287486",-0.926561645826376,7,4,4,FALSE,"NMG88_RS06745","translation initiation factor","translation initiation factor"
"AL1A3_HUMAN","77287525",-0.926561645826376,7,4,4,FALSE,"NMG88_RS06940","DUF7682 family zinc-binding protein","hypothetical protein"
"ATC2_CRYNH","77287653",-0.926561645826376,7,4,4,FALSE,"NMG88_RS07580","5-formyltetrahydrofolate cyclo-ligase","5-formyltetrahydrofolate cyclo-ligase"
"ATC2_CRYNH","77287681",0.926561645826376,7,4,4,FALSE,"NMG88_RS07720","dTDP-4-dehydrorhamnose 3,5-epimerase","dTDP-4-dehydrorhamnose 3,5-epimerase"
"PAQR1_HUMAN","77287770",0.926561645826376,7,4,4,FALSE,"NMG88_RS08165","CP12 domain-containing protein","CP12 domain-containing protein"
"PAQR1_HUMAN","77287867",0.926561645826376,7,4,4,FALSE,"NMG88_RS08650","glucokinase","glucokinase"
"PHOP1_MOUSE","77287903",-0.926561645826376,7,4,4,FALSE,"NMG88_RS08830","NfeD-like protein","NfeD-like protein"
"PAQR1_HUMAN","77287976",0.926561645826376,7,4,4,FALSE,"NMG88_RS09195","M16 family metallopeptidase","pitrilysin family protein"
"PAQR1_HUMAN","77287993",0.926561645826376,7,4,4,FALSE,"NMG88_RS09280","ABC transporter permease","iron export ABC transporter permease subunit FetB"
"CBPC1_HUMAN","77288027",0.926561645826376,7,4,4,FALSE,"NMG88_RS09450","STAS domain-containing protein","STAS domain-containing protein"
"NPAL2_HUMAN","77288139",0.926561645826376,7,4,4,FALSE,"NMG88_RS10010","mannose-1-phosphate guanylyltransferase","mannose-1-phosphate guanylyltransferase"
"CBPC1_HUMAN","77288226",0.926561645826376,7,4,4,FALSE,"NMG88_RS10445","phage tail protein","phage tail protein"
"PHOP1_MOUSE","77288228",0.926561645826376,7,4,4,FALSE,"NMG88_RS10455","phage tail protein","phage tail protein"
"PAQR1_HUMAN","77288237",0.926561645826376,7,4,4,FALSE,"NMG88_RS10500","pentapeptide repeat-containing protein","pentapeptide repeat-containing protein"
"PHOP1_MOUSE","77288290",0.926561645826376,7,4,4,FALSE,"NMG88_RS10765","hypothetical protein","hypothetical protein"
"PAQR1_HUMAN","77288413",0.926561645826376,7,4,4,FALSE,"NMG88_RS11380","ribosome maturation factor RimP","ribosome maturation factor RimP"
"NPAL2_HUMAN","77288434",0.926561645826376,7,4,4,FALSE,"NMG88_RS11485","amino acid ABC transporter substrate-binding protein","amino acid ABC transporter substrate-binding protein"
"CBPC1_HUMAN","77288465",0.926561645826376,7,4,4,FALSE,"NMG88_RS11640","cobalamin biosynthesis protein CobW","cobalamin biosynthesis protein CobW"
"NPAL2_HUMAN","77288481",0.926561645826376,7,4,4,FALSE,"NMG88_RS11720","proton extrusion protein PcxA","proton extrusion protein PcxA"
"CBPC1_HUMAN","77288495",0.926561645826376,7,4,4,FALSE,"NMG88_RS11790","VOC family protein","VOC family protein"
"PAQR1_HUMAN","77288533",0.926561645826376,7,4,4,FALSE,"NMG88_RS11980","cyclase family protein","cyclase family protein"
"AL1A3_HUMAN","77288631",-0.926561645826376,7,4,4,FALSE,"NMG88_RS12470","30S ribosomal protein S15","30S ribosomal protein S15"
"AMYA_DROMA","77288644",0.926561645826376,7,4,4,FALSE,"NMG88_RS12535","FHA domain-containing protein","FHA domain-containing protein"
"CBPC1_HUMAN","77288742",0.926561645826376,7,4,4,FALSE,"NMG88_RS13025","DUF427 domain-containing protein","DUF427 domain-containing protein"
"AL1A3_HUMAN","77288888",-0.926561645826376,7,4,4,FALSE,"NMG88_RS13755","DUF3386 domain-containing protein","DUF3386 domain-containing protein"
"PHOP1_MOUSE","77288932",0.926561645826376,7,4,4,FALSE,"NMG88_RS13975","Uma2 family endonuclease","Uma2 family endonuclease"
"NPAL2_HUMAN","77288996",-0.926561645826376,7,4,4,FALSE,"NMG88_RS14295","DUF2288 domain-containing protein","DUF2288 domain-containing protein"
"ATC2_CRYNH","77289039",-0.926561645826376,7,4,4,FALSE,"NMG88_RS14510","hypothetical protein","hypothetical protein"
"CAMKI_MACNP","77289063",0.926561645826376,7,4,4,FALSE,"NMG88_RS14630","S66 peptidase family protein","LD-carboxypeptidase"
"BIP_ASPAW","77289095",-0.926561645826376,7,4,4,FALSE,"NMG88_RS14790","RloB family protein","RloB family protein"
"BIP_ASPAW","77289096",-0.926561645826376,7,4,4,FALSE,"NMG88_RS14795","AAA family ATPase","ATP-binding protein"
"AMYA_DROMA","77289200",-0.926561645826376,7,4,4,FALSE,"NMG88_RS15315","galactose-1-phosphate uridylyltransferase","galactose-1-phosphate uridylyltransferase"
"NU4M_USTMA","77289219",0.926561645826376,7,4,4,FALSE,"NMG88_RS15410","Uma2 family endonuclease","Uma2 family endonuclease"
"ABCB6_HUMAN","77289228",-0.926561645826376,7,4,4,FALSE,"NMG88_RS15455","LysE family translocator","LysE family transporter"
"CBPC1_HUMAN","77289291",0.926561645826376,7,4,4,FALSE,"NMG88_RS15770","phage tail protein","phage tail protein"
"CAMKI_MACNP","77289311",0.926561645826376,7,4,4,FALSE,"NMG88_RS15870","Bax inhibitor-1/YccA family protein","Bax inhibitor-1 family protein"
"NPAL2_HUMAN","77289433",0.926561645826376,7,4,4,FALSE,"NMG88_RS16480","Uma2 family endonuclease","Uma2 family endonuclease"
"PAQR1_HUMAN","77289500",0.926561645826376,7,4,4,FALSE,"NMG88_RS16815","DUF1815 family protein","DUF1815 family protein"
"AB6C_ARATH","77289672",-0.926561645826376,7,4,4,FALSE,"NMG88_RS17675","DUF1997 domain-containing protein","DUF1997 domain-containing protein"
"PAQR1_HUMAN","77289704",0.926561645826376,7,4,4,FALSE,"NMG88_RS17835","50S ribosomal protein L21","50S ribosomal protein L21"
"ATC2_CRYNH","77289711",-0.926561645826376,7,4,4,FALSE,"NMG88_RS17870","response regulator transcription factor RpaB","response regulator transcription factor RpaB"
"PAQR1_HUMAN","77289908",0.926561645826376,7,4,4,FALSE,"NMG88_RS18855","hypothetical protein","hypothetical protein"
"DBP4_CRYNJ","77289926",0.926561645826376,7,4,4,FALSE,"NMG88_RS18945","HAS-barrel domain-containing protein","HAS-barrel domain-containing protein"
"AL1A3_HUMAN","77290017",-0.926561645826376,7,4,4,FALSE,"NMG88_RS19400","XisI protein","XisI protein"
"MOGT1_HUMAN","77290018",-0.926561645826376,7,4,4,FALSE,"NMG88_RS19405","GUN4 domain-containing protein","GUN4 domain-containing protein"
"PPCE_MOUSE","77290198",0.926561645826376,7,4,4,FALSE,"NMG88_RS20305","YggS family pyridoxal phosphate-dependent enzyme","YggS family pyridoxal phosphate-dependent enzyme"
"DBP4_CRYNJ","77290319",0.926561645826376,7,4,4,FALSE,"NMG88_RS20910","class I SAM-dependent methyltransferase","class I SAM-dependent methyltransferase"
"CBPC1_HUMAN","77290366",0.926561645826376,7,4,4,FALSE,"NMG88_RS21145","serine/threonine protein kinase","serine/threonine-protein kinase"
"PPCE_MOUSE","77290377",0.926561645826376,7,4,4,FALSE,"NMG88_RS21200","Rpn family recombination-promoting nuclease/putative transposase","Rpn family recombination-promoting nuclease/putative transposase"
"CBPC1_HUMAN","77290388",0.926561645826376,7,4,4,FALSE,"NMG88_RS21255","DNA polymerase III subunit delta'","DNA polymerase III subunit delta'"
"AB6C_ARATH","77286185",-0.91895621194947,7,5,5,FALSE,"NMG88_RS00240","50S ribosomal protein L11","50S ribosomal protein L11"
"AB6C_ARATH","77286258",-0.91895621194947,7,5,5,FALSE,"NMG88_RS00605","AbrB family transcriptional regulator","AbrB family transcriptional regulator"
"NPAL2_HUMAN","77286497",0.91895621194947,7,5,5,FALSE,"NMG88_RS01800","argininosuccinate synthase","argininosuccinate synthase"
"CAMKI_MACNP","77286598",0.91895621194947,7,5,5,FALSE,"NMG88_RS02305","TMEM165/GDT1 family protein","TMEM165/GDT1 family protein"
"MOGT1_HUMAN","77287020",-0.91895621194947,7,5,5,FALSE,"NMG88_RS04415","tetratricopeptide repeat protein","tetratricopeptide repeat protein"
"BIP_ASPAW","77287114",0.91895621194947,7,5,5,FALSE,"NMG88_RS04885","alpha-ketoacid dehydrogenase subunit beta","alpha-ketoacid dehydrogenase subunit beta"
"CAMKI_MACNP","77287142",0.91895621194947,7,5,5,FALSE,"NMG88_RS05025","hypothetical protein","hypothetical protein"
"MOGT1_HUMAN","77287962",-0.91895621194947,7,5,5,FALSE,"NMG88_RS09125","adenylosuccinate lyase","adenylosuccinate lyase"
"BIP_ASPAW","77288030",0.91895621194947,7,5,5,FALSE,"NMG88_RS09465","DUF1816 domain-containing protein","DUF1816 domain-containing protein"
"PAQR1_HUMAN","77288096",0.91895621194947,7,5,5,FALSE,"NMG88_RS09795","3-dehydroquinate synthase","3-dehydroquinate synthase"
"BIP_ASPAW","77288121",0.91895621194947,7,5,5,FALSE,"NMG88_RS09920","type I glyceraldehyde-3-phosphate dehydrogenase","type I glyceraldehyde-3-phosphate dehydrogenase"
"CAMKI_MACNP","77288144",0.91895621194947,7,5,5,FALSE,"NMG88_RS10035","type I methionyl aminopeptidase","type I methionyl aminopeptidase"
"ARF_CRYNB","77288148",0.91895621194947,7,7,7,FALSE,"NMG88_RS10055","DNA-binding protein","DNA-binding protein"
"NPAL2_HUMAN","77288188",0.91895621194947,7,5,5,FALSE,"NMG88_RS10255","Uma2 family endonuclease","Uma2 family endonuclease"
"ACA1_SCHPO","77288214",-0.91895621194947,7,5,5,FALSE,"NMG88_RS10385","ABC transporter permease","ABC transporter permease"
"MOGT1_HUMAN","77288227",-0.91895621194947,7,5,5,FALSE,"NMG88_RS10450","phage tail protein","phage tail protein"
"CAMKI_MACNP","77288241",0.91895621194947,7,5,5,FALSE,"NMG88_RS10520","OmpA family protein","OmpA family protein"
"ATC2_CRYNH","77288250",-0.91895621194947,7,5,5,FALSE,"NMG88_RS10565","iron-sulfur cluster biosynthesis transcriptional regulator SufR","iron-sulfur cluster biosynthesis transcriptional regulator SufR"
"CAMKI_MACNP","77288274",0.91895621194947,7,5,5,FALSE,"NMG88_RS10685","HEAT repeat domain-containing protein","HEAT repeat domain-containing protein"
"AB6C_ARATH","77288480",-0.91895621194947,7,5,5,FALSE,"NMG88_RS11715","RNA polymerase sigma factor, RpoD/SigA family","RNA polymerase sigma factor, RpoD/SigA family"
"ARF_CRYNB","77288490",0.91895621194947,7,7,7,FALSE,"NMG88_RS11765","hypothetical protein","hypothetical protein"
"ABCB6_HUMAN","77288527",0.91895621194947,7,5,5,FALSE,"NMG88_RS11950","potassium channel family protein","TrkA family potassium uptake protein"
"AL1A3_HUMAN","77288585",-0.91895621194947,7,5,5,FALSE,"NMG88_RS12240","hypothetical protein","hypothetical protein"
"SIK3_HUMAN","77288585",-0.91895621194947,7,5,5,FALSE,"NMG88_RS12240","hypothetical protein","hypothetical protein"
"BIP_ASPAW","77288618",0.91895621194947,7,5,5,FALSE,"NMG88_RS12405","MORN repeat-containing protein","MORN motif-containing protein"
"CAMKI_MACNP","77288928",0.91895621194947,7,5,5,FALSE,"NMG88_RS13955","chaperonin GroEL","chaperonin GroEL"
"ACA1_SCHPO","77288975",0.91895621194947,7,5,5,FALSE,"NMG88_RS14190","Uma2 family endonuclease","Uma2 family endonuclease"
"NPAL2_HUMAN","77288989",0.91895621194947,7,5,5,FALSE,"NMG88_RS14260","Uma2 family endonuclease","Uma2 family endonuclease"
"ARF_CRYNB","77289150",0.91895621194947,7,7,7,FALSE,"NMG88_RS15065","photosystem I core protein PsaB","photosystem I core protein PsaB"
"ARF_CRYNB","77289431",0.91895621194947,7,7,7,FALSE,"NMG88_RS16470","ABC1 kinase family protein","AarF/ABC1/UbiB kinase family protein"
"PHOP1_MOUSE","77289435",0.91895621194947,7,5,5,FALSE,"NMG88_RS16490","glycine cleavage system aminomethyltransferase GcvT","glycine cleavage system aminomethyltransferase GcvT"
"AB6C_ARATH","77289437",-0.91895621194947,7,5,5,FALSE,"NMG88_RS16500","endonuclease III","endonuclease III"
"PAQR1_HUMAN","77289497",0.91895621194947,7,5,5,FALSE,"NMG88_RS16800","5-(carboxyamino)imidazole ribonucleotide mutase","5-(carboxyamino)imidazole ribonucleotide mutase"
"MOGT1_HUMAN","77289570",0.91895621194947,7,5,5,FALSE,"NMG88_RS17165","rubredoxin","rubredoxin"
"DBP4_CRYNJ","77289698",0.91895621194947,7,5,5,FALSE,"NMG88_RS17805","circadian clock KaiB family protein","circadian clock KaiB family protein"
"SIK3_HUMAN","77289718",0.91895621194947,7,5,5,FALSE,"NMG88_RS17905","CobW family GTP-binding protein","GTP-binding protein"
"DBP4_CRYNJ","77289794",0.91895621194947,7,5,5,FALSE,"NMG88_RS18285","vWA domain-containing protein","VWA domain-containing protein"
"AB6C_ARATH","77289798",0.91895621194947,7,5,5,FALSE,"NMG88_RS18305","type II secretion system F family protein","type II secretion system F family protein"
"PAQR1_HUMAN","77290252",0.91895621194947,7,5,5,FALSE,"NMG88_RS20575","twin-arginine translocase subunit TatC","twin-arginine translocase subunit TatC"
"BIP_ASPAW","77290253",0.91895621194947,7,5,5,FALSE,"NMG88_RS20580","hypothetical protein","hypothetical protein"
"PHOP1_MOUSE","77290271",-0.91895621194947,7,5,5,FALSE,"NMG88_RS20670","class I SAM-dependent methyltransferase","class I SAM-dependent methyltransferase"
"ACA1_SCHPO","77290293",0.91895621194947,7,5,5,FALSE,"NMG88_RS20780","lysylphosphatidylglycerol synthase domain-containing protein","lysylphosphatidylglycerol synthase domain-containing protein"
"ATC2_CRYNH","77290293",0.91895621194947,7,5,5,FALSE,"NMG88_RS20780","lysylphosphatidylglycerol synthase domain-containing protein","lysylphosphatidylglycerol synthase domain-containing protein"
"CAMKI_MACNP","77290334",0.91895621194947,7,5,5,FALSE,"NMG88_RS20985","peptide chain release factor N(5)-glutamine methyltransferase","peptide chain release factor N(5)-glutamine methyltransferase"
"ARF_CRYNB","77290423",0.91895621194947,7,7,7,FALSE,"NMG88_RS21430","chemotaxis protein CheB","chemotaxis protein CheB"
"AB6C_ARATH","77290452",-0.91895621194947,7,5,5,FALSE,"NMG88_RS21575","UDP-glucuronic acid decarboxylase family protein","UDP-glucuronic acid decarboxylase family protein"
"AB6C_ARATH","77290604",-0.91895621194947,7,5,5,FALSE,"NMG88_RS22335","hypothetical protein","hypothetical protein"
"ARF_CRYNB","77288043",0.918181818181818,7,5,5,FALSE,"NMG88_RS09530","Uma2 family endonuclease","Uma2 family endonuclease"
"ARF_CRYNB","77289333",0.914529188360676,7,3,3,FALSE,"NMG88_RS15980","Calvin cycle protein CP12","Calvin cycle protein CP12"
"ARF_CRYNB","77289992",0.914529188360676,7,3,3,FALSE,"NMG88_RS19275","cofactor assembly of complex C subunit B","cofactor assembly of complex C subunit B"
"MOGT1_HUMAN","301148920",-0.906326967174966,7,3,3,FALSE,"NMG88_RS22670","SUMF1/EgtB/PvdO family nonheme iron enzyme",NA
"NU4M_USTMA","77286145",0.906326967174966,7,3,3,FALSE,"NMG88_RS00040","hypothetical protein","hypothetical protein"
"SIK3_HUMAN","77286150",0.906326967174966,7,3,3,FALSE,"NMG88_RS00065","DUF3007 family protein","DUF3007 family protein"
"SIK3_HUMAN","77286297",0.906326967174966,7,3,3,FALSE,"NMG88_RS00800","DUF5357 family protein","DUF5357 family protein"
"CAMKI_MACNP","77286335",0.906326967174966,7,3,3,FALSE,"NMG88_RS00990","pilus assembly FimT family protein","type II secretion system protein"
"ABCB6_HUMAN","77286392",-0.906326967174966,7,3,3,FALSE,"NMG88_RS01275","type II toxin-antitoxin system PemK/MazF family toxin","type II toxin-antitoxin system PemK/MazF family toxin"
"AB6C_ARATH","77286421",-0.906326967174966,7,3,3,FALSE,"NMG88_RS01420","photosystem II repair protein Psb32","TPM domain-containing protein"
"TRNL_SCHPO","77286421",0.906326967174966,7,3,3,FALSE,"NMG88_RS01420","photosystem II repair protein Psb32","TPM domain-containing protein"
"SIK3_HUMAN","77286541",0.906326967174966,7,3,3,FALSE,"NMG88_RS02020","type II toxin-antitoxin system VapC family toxin","type II toxin-antitoxin system VapC family toxin"
"DBP4_CRYNJ","77286599",0.906326967174966,7,3,3,FALSE,"NMG88_RS02310","YkgJ family cysteine cluster protein","YkgJ family cysteine cluster protein"
"NPAL2_HUMAN","77286619",0.906326967174966,7,3,3,FALSE,"NMG88_RS02410","Uma2 family endonuclease","Uma2 family endonuclease"
"PAQR1_HUMAN","77286635",0.906326967174966,7,3,3,FALSE,"NMG88_RS02490","HetP family heterocyst commitment protein","HetP family heterocyst commitment protein"
"CAMKI_MACNP","77286695",0.906326967174966,7,3,3,FALSE,"NMG88_RS02790","50S ribosomal protein L23","50S ribosomal protein L23"
"CAMKI_MACNP","77286706",0.906326967174966,7,3,3,FALSE,"NMG88_RS02845","30S ribosomal protein S8","30S ribosomal protein S8"
"SIK3_HUMAN","77286720",-0.906326967174966,7,3,3,FALSE,"NMG88_RS02915","50S ribosomal protein L13","50S ribosomal protein L13"
"BIP_ASPAW","77286778",0.906326967174966,7,3,3,FALSE,"NMG88_RS03205","hypothetical protein","hypothetical protein"
"NU4M_USTMA","77286856",-0.906326967174966,7,3,3,FALSE,"NMG88_RS03595","DUF1824 family protein","DUF1824 family protein"
"TRNL_SCHPO","77286945",-0.906326967174966,7,3,3,FALSE,"NMG88_RS04040","TerB family tellurite resistance protein","TerB family tellurite resistance protein"
"NU4M_USTMA","77286983",0.906326967174966,7,3,3,FALSE,"NMG88_RS04230","dihydropteroate synthase","dihydropteroate synthase"
"PAQR1_HUMAN","77287010",0.906326967174966,7,3,3,FALSE,"NMG88_RS04365","STAS domain-containing protein","STAS domain-containing protein"
"FEN1_NEMVE","77287029",-0.906326967174966,7,3,3,FALSE,"NMG88_RS04460","2TM domain-containing protein","2TM domain-containing protein"
"CBPC1_HUMAN","77287035",0.906326967174966,7,3,3,FALSE,"NMG88_RS04490","exosortase-dependent surface protein XDP2","exosortase-dependent surface protein XDP2"
"SYKC_SCHPO","77287069",0.906326967174966,7,3,3,FALSE,"NMG88_RS04660","glycosyltransferase family 2 protein","glycosyltransferase family 2 protein"
"NPAL2_HUMAN","77287211",0.906326967174966,7,3,3,FALSE,"NMG88_RS05370","HesB/IscA family protein","iron-sulfur cluster assembly accessory protein"
"CBPC1_HUMAN","77287248",0.906326967174966,7,3,3,FALSE,"NMG88_RS05555","alpha/beta hydrolase","alpha/beta hydrolase"
"CBPC1_HUMAN","77287256",-0.906326967174966,7,3,3,FALSE,"NMG88_RS05595","hypothetical protein","hypothetical protein"
"FEN1_NEMVE","77287427",-0.906326967174966,7,3,3,FALSE,"NMG88_RS06450","DUF3368 domain-containing protein","DUF3368 domain-containing protein"
"ATC2_CRYNH","77287467",0.906326967174966,7,3,3,FALSE,"NMG88_RS06650","hypothetical protein","hypothetical protein"
"BIP_ASPAW","77287476",-0.906326967174966,7,3,3,FALSE,"NMG88_RS06695","hypothetical protein","hypothetical protein"
"ACA1_SCHPO","77287488",0.906326967174966,7,3,3,FALSE,"NMG88_RS06755","6-carboxytetrahydropterin synthase","6-carboxytetrahydropterin synthase"
"PPCE_MOUSE","77287570",0.906326967174966,7,3,3,FALSE,"NMG88_RS07165","Hsp20/alpha crystallin family protein","Hsp20/alpha crystallin family protein"
"SIK3_HUMAN","77287836",0.906326967174966,7,3,3,FALSE,"NMG88_RS08495","hypothetical protein","hypothetical protein"
"SIK3_HUMAN","77287944",0.906326967174966,7,3,3,FALSE,"NMG88_RS09035","hypothetical protein","hypothetical protein"
"PHOP1_MOUSE","77287949",0.906326967174966,7,3,3,FALSE,"NMG88_RS09060","DUF4327 family protein","DUF4327 family protein"
"AMYA_DROMA","77287966",0.906326967174966,7,3,3,FALSE,"NMG88_RS09145","hypothetical protein","hypothetical protein"
"PHOP1_MOUSE","77288013",0.906326967174966,7,3,3,FALSE,"NMG88_RS09380","hypothetical protein","hypothetical protein"
"SIK3_HUMAN","77288150",0.906326967174966,7,3,3,FALSE,"NMG88_RS10065","ATP-dependent Clp protease adapter ClpS","ATP-dependent Clp protease adapter ClpS"
"ABCB6_HUMAN","77288266",-0.906326967174966,7,3,3,FALSE,"NMG88_RS10645","SxtJ family membrane protein","SxtJ family membrane protein"
"CBPC1_HUMAN","77288374",0.906326967174966,7,3,3,FALSE,"NMG88_RS11185","cobalamin biosynthesis protein","cobalamin biosynthesis protein"
"PAQR1_HUMAN","77288415",0.906326967174966,7,3,3,FALSE,"NMG88_RS11390","YlxR family protein","YlxR family protein"
"SIK3_HUMAN","77288466",0.906326967174966,7,3,3,FALSE,"NMG88_RS11645","HupE/UreJ family protein","HupE/UreJ family protein"
"AMYA_DROMA","77288501",0.906326967174966,7,3,3,FALSE,"NMG88_RS11820","XDD3 family exosortase-dependent surface protein","XDD3 family exosortase-dependent surface protein"
"NU4M_USTMA","77288646",0.906326967174966,7,3,3,FALSE,"NMG88_RS12545","hypothetical protein","hypothetical protein"
"PAQR1_HUMAN","77288664",0.906326967174966,7,3,3,FALSE,"NMG88_RS12635","cation diffusion facilitator family transporter","cation diffusion facilitator family transporter"
"PHOP1_MOUSE","77288728",0.906326967174966,7,3,3,FALSE,"NMG88_RS12955","hypothetical protein","hypothetical protein"
"AMYA_DROMA","77288852",0.906326967174966,7,3,3,FALSE,"NMG88_RS13575","hypothetical protein","hypothetical protein"
"PAQR1_HUMAN","77288990",0.906326967174966,7,3,3,FALSE,"NMG88_RS14265","hypothetical protein","hypothetical protein"
"FEN1_NEMVE","77288995",-0.906326967174966,7,3,3,FALSE,"NMG88_RS14290","lysophospholipid acyltransferase family protein","lysophospholipid acyltransferase family protein"
"FEN1_NEMVE","77289057",0.906326967174966,7,3,3,FALSE,"NMG88_RS14600","HNH endonuclease signature motif containing protein","HNH endonuclease signature motif containing protein"
"SYKC_SCHPO","77289084",-0.906326967174966,7,3,3,FALSE,"NMG88_RS14735","hypothetical protein","hypothetical protein"
"NPAL2_HUMAN","77289183",0.906326967174966,7,3,3,FALSE,"NMG88_RS15230","helix-turn-helix transcriptional regulator","hypothetical protein"
"NPAL2_HUMAN","77289332",0.906326967174966,7,3,3,FALSE,"NMG88_RS15975","DUF3177 family protein","DUF3177 family protein"
"ATC2_CRYNH","77289333",-0.906326967174966,7,3,3,FALSE,"NMG88_RS15980","Calvin cycle protein CP12","Calvin cycle protein CP12"
"NPAL2_HUMAN","77289343",0.906326967174966,7,3,3,FALSE,"NMG88_RS16030","DNA cytosine methyltransferase","DNA (cytosine-5-)-methyltransferase"
"PHOP1_MOUSE","77289481",0.906326967174966,7,3,3,FALSE,"NMG88_RS16720","MBL fold metallo-hydrolase","MBL fold metallo-hydrolase"
"PAQR1_HUMAN","77289527",0.906326967174966,7,3,3,FALSE,"NMG88_RS16950","rod shape-determining protein MreC","rod shape-determining protein MreC"
"SYKC_SCHPO","77289587",-0.906326967174966,7,3,3,FALSE,"NMG88_RS17250","ribosome silencing factor","ribosome silencing factor"
"DBP4_CRYNJ","77289597",0.906326967174966,7,3,3,FALSE,"NMG88_RS17300","DUF1269 domain-containing protein","DUF1269 domain-containing protein"
"PPCE_MOUSE","77289605",0.906326967174966,7,3,3,FALSE,"NMG88_RS17340","CAP domain-containing protein","CAP domain-containing protein"
"AMYA_DROMA","77289668",0.906326967174966,7,3,3,FALSE,"NMG88_RS17655","ArsR/SmtB family transcription factor","metalloregulator ArsR/SmtB family transcription factor"
"CAMKI_MACNP","77289754",0.906326967174966,7,3,3,FALSE,"NMG88_RS18085","SRPBCC family protein","SRPBCC family protein"
"ATC2_CRYNH","77289992",-0.906326967174966,7,3,3,FALSE,"NMG88_RS19275","cofactor assembly of complex C subunit B","cofactor assembly of complex C subunit B"
"NPAL2_HUMAN","77290020",0.906326967174966,7,3,3,FALSE,"NMG88_RS19415","hypothetical protein","hypothetical protein"
"TRNL_SCHPO","77290044",-0.906326967174966,7,3,3,FALSE,"NMG88_RS19535","Uma2 family endonuclease","Uma2 family endonuclease"
"SIK3_HUMAN","77290077",0.906326967174966,7,3,3,FALSE,"NMG88_RS19700","SsrA-binding protein SmpB","SsrA-binding protein SmpB"
"AMYA_DROMA","77290277",0.906326967174966,7,3,3,FALSE,"NMG88_RS20700","T3SS (YopN, CesT) and YbjN peptide-binding chaperone 1","YbjN domain-containing protein"
"DBP4_CRYNJ","77290541",0.906326967174966,7,3,3,FALSE,"NMG88_RS22020","transposase",NA
"PHOP1_MOUSE","77286156",0.900937462695559,7,5,5,FALSE,"NMG88_RS00095","IS200/IS605 family transposase",NA
"NPAL2_HUMAN","77286289",0.900937462695559,7,5,5,FALSE,"NMG88_RS00760","HD family phosphohydrolase","HDIG domain-containing metalloprotein"
"PHOP1_MOUSE","77286497",0.900937462695559,7,5,5,FALSE,"NMG88_RS01800","argininosuccinate synthase","argininosuccinate synthase"
"PHOP1_MOUSE","77286617",0.900937462695559,7,5,5,FALSE,"NMG88_RS02400","RNA methyltransferase","RNA methyltransferase"
"CBPC1_HUMAN","77286657",0.900937462695559,7,5,5,FALSE,"NMG88_RS02600","thiazole synthase","thiazole synthase"
"ARF_CRYNB","77286680",0.900937462695559,7,7,7,FALSE,"NMG88_RS02715","ABC transporter ATP-binding protein","ABC transporter ATP-binding protein"
"AL1A3_HUMAN","77286795",-0.900937462695559,7,5,5,FALSE,"NMG88_RS03290","cytochrome c biogenesis protein","cytochrome c biogenesis protein"
"NPAL2_HUMAN","77286810",-0.900937462695559,7,5,5,FALSE,"NMG88_RS03365","NAD(P)/FAD-dependent oxidoreductase","NAD(P)/FAD-dependent oxidoreductase"
"CBPC1_HUMAN","77286813",0.900937462695559,7,5,5,FALSE,"NMG88_RS03380","histidine phosphatase family protein","histidine phosphatase family protein"
"PHOP1_MOUSE","77286869",0.900937462695559,7,5,5,FALSE,"NMG88_RS03660","M48 family metallopeptidase","M48 family metallopeptidase"
"BIP_ASPAW","77286970",0.900937462695559,7,5,5,FALSE,"NMG88_RS04165","tryptophan--tRNA ligase","tryptophan--tRNA ligase"
"NU4M_USTMA","77287045",0.900937462695559,7,5,5,FALSE,"NMG88_RS04540","DUF2232 domain-containing protein","DUF2232 domain-containing protein"
"CBPC1_HUMAN","77287145",0.900937462695559,7,5,5,FALSE,"NMG88_RS05040","hydrogenase","hydrogenase"
"NPAL2_HUMAN","77287193",0.900937462695559,7,5,5,FALSE,"NMG88_RS05280","SPFH domain-containing protein","SPFH domain-containing protein"
"AMYA_DROMA","77287361",0.900937462695559,7,5,5,FALSE,"NMG88_RS06120","FTR1 family iron permease","FTR1 family protein"
"NPAL2_HUMAN","77287411",0.900937462695559,7,5,5,FALSE,"NMG88_RS06370","ShlB/FhaC/HecB family hemolysin secretion/activation protein","ShlB/FhaC/HecB family hemolysin secretion/activation protein"
"CBPC1_HUMAN","77288144",0.900937462695559,7,5,5,FALSE,"NMG88_RS10035","type I methionyl aminopeptidase","type I methionyl aminopeptidase"
"CBPC1_HUMAN","77288241",0.900937462695559,7,5,5,FALSE,"NMG88_RS10520","OmpA family protein","OmpA family protein"
"CBPC1_HUMAN","77288274",0.900937462695559,7,5,5,FALSE,"NMG88_RS10685","HEAT repeat domain-containing protein","HEAT repeat domain-containing protein"
"AL1A3_HUMAN","77288480",-0.900937462695559,7,5,5,FALSE,"NMG88_RS11715","RNA polymerase sigma factor, RpoD/SigA family","RNA polymerase sigma factor, RpoD/SigA family"
"BIP_ASPAW","77288523",-0.900937462695559,7,5,5,FALSE,"NMG88_RS11930","Uma2 family endonuclease","Uma2 family endonuclease"
"NPAL2_HUMAN","77288727",0.900937462695559,7,5,5,FALSE,"NMG88_RS12950","lysophospholipid acyltransferase family protein","lysophospholipid acyltransferase family protein"
"NPAL2_HUMAN","77288732",0.900937462695559,7,5,5,FALSE,"NMG88_RS12975","hypothetical protein","hypothetical protein"
"CBPC1_HUMAN","77288778",0.900937462695559,7,5,5,FALSE,"NMG88_RS13205","orotidine-5'-phosphate decarboxylase","orotidine-5'-phosphate decarboxylase"
"ARF_CRYNB","77288864",-0.900937462695559,7,6,6,FALSE,"NMG88_RS13635","DNA sulfur modification protein DndD","DNA sulfur modification protein DndD"
"ARF_CRYNB","77288923",-0.900937462695559,7,6,6,FALSE,"NMG88_RS13930","polysaccharide deacetylase family protein","polysaccharide deacetylase family protein"
"NU4M_USTMA","77288943",0.900937462695559,7,5,5,FALSE,"NMG88_RS14030","chemotaxis protein CheW","chemotaxis protein CheW"
"ARF_CRYNB","77288979",-0.900937462695559,7,6,6,FALSE,"NMG88_RS14210","mannosyltransferase family protein","mannosyltransferase family protein"
"AL1A3_HUMAN","77289049",-0.900937462695559,7,5,5,FALSE,"NMG88_RS14560","hypothetical protein","hypothetical protein"
"CBPC1_HUMAN","77289102",0.900937462695559,7,5,5,FALSE,"NMG88_RS14825","hypothetical protein","hypothetical protein"
"ARF_CRYNB","77289305",0.900937462695559,7,7,7,FALSE,"NMG88_RS15840","Calx-beta domain-containing protein","Calx-beta domain-containing protein"
"NU4M_USTMA","77289424",0.900937462695559,7,5,5,FALSE,"NMG88_RS16435","carboxypeptidase M32","carboxypeptidase M32"
"PPCE_MOUSE","77289498",0.900937462695559,7,5,5,FALSE,"NMG88_RS16805","N-acetylglucosamine-6-phosphate deacetylase","N-acetylglucosamine-6-phosphate deacetylase"
"ABCB6_HUMAN","77289592",-0.900937462695559,7,5,5,FALSE,"NMG88_RS17275","hypothetical protein","hypothetical protein"
"AB6C_ARATH","77290449",0.900937462695559,7,5,5,FALSE,"NMG88_RS21560","DUF1825 family protein","DUF1825 family protein"
"CBPC1_HUMAN","90530534",0.900937462695559,7,5,5,FALSE,"NMG88_RS22595","rubrerythrin family protein","rubredoxin"
